name,maths,english,science,total_mark,average_mark,grade
alice,85,62,85,232.0,77.33333333333333,C
bob,85,62,85,232.0,77.33333333333333,C
charlie,95,62,85,242.0,80.66666666666667,A
dheena,85,92,85,262.0,87.33333333333333,A
sam,98,33,56,187.0,62.333333333333336,B
dev,77,99,90,266.0,88.66666666666667,A
